word,n_deceiving,n_truthful,log_odds,z,perm_p,fdr10,mh_model_log_or,mh_models_agree,mh_models
if,67,63,0.782,4.88,0.0003,True,0.778,13,17
your,48,53,0.647,3.56,0.0003,True,0.813,11,18
why,33,33,0.729,3.24,0.0007,True,1.057,13,14
just,54,60,0.642,3.75,0.0007,True,0.740,14,16
was,56,253,-0.461,-3.76,0.0017,False,-0.383,13,18
sense,11,5,1.375,2.86,0.0037,False,0.888,4,6
fast,8,2,1.826,2.74,0.0043,False,1.657,6,6
abstain,13,13,0.728,2.03,0.0060,False,0.999,9,10
both,5,40,-0.818,-2.29,0.0073,False,-0.447,11,15
member,1,20,-1.238,-2.04,0.0080,False,-0.436,6,9
how,21,22,0.689,2.48,0.0093,False,0.932,13,15
really,12,10,0.880,2.25,0.0097,False,1.000,9,9
robber,1,15,-1.127,-1.69,0.0107,False,-1.061,5,6
claims,3,29,-0.921,-2.10,0.0110,False,-0.876,11,12
you're,44,52,0.590,3.16,0.0120,False,0.815,9,15
agree,20,19,0.771,2.64,0.0160,False,0.613,9,12
werewolf,0,24,-1.672,-2.48,0.0180,False,-1.763,4,5
correct,0,10,-1.671,-1.60,0.0200,False,-0.300,4,7
makes,22,20,0.808,2.86,0.0233,False,0.848,7,9
quiet,9,7,0.937,2.04,0.0237,False,0.754,6,8
don't,17,19,0.635,2.09,0.0267,False,0.627,10,12
exactly,23,22,0.765,2.81,0.0277,False,1.082,11,13
start,7,5,1.007,1.89,0.0317,False,1.413,5,6
own,8,6,0.967,1.97,0.0320,False,1.059,7,8
here,14,15,0.670,1.98,0.0350,False,0.603,7,10
keep,13,11,0.867,2.32,0.0353,False,1.385,10,10
concrete,13,12,0.795,2.17,0.0380,False,0.928,9,12
arrived,0,10,-1.671,-1.60,0.0410,False,-0.759,3,4
2,5,45,-0.883,-2.55,0.0410,False,-0.915,7,11
i,154,518,-0.251,-3.18,0.0420,False,-0.187,13,18
let,9,8,0.826,1.86,0.0430,False,0.809,7,9
navigation,0,12,-1.671,-1.75,0.0433,False,-0.874,2,4
and,192,559,-0.141,-1.93,0.0477,False,-0.242,12,18
we're,8,8,0.728,1.59,0.0490,False,0.976,7,9
instead,13,14,0.666,1.89,0.0493,False,0.726,5,8
did,7,47,-0.715,-2.26,0.0516,False,-0.438,9,14
what,22,30,0.470,1.84,0.0536,False,0.623,11,15
east,1,23,-1.285,-2.22,0.0550,False,-0.858,5,6
maybe,6,5,0.879,1.59,0.0606,False,1.447,6,6
them,17,76,-0.451,-2.02,0.0623,False,-0.269,11,16
lack,0,11,-1.671,-1.68,0.0650,False,-0.567,4,5
going,9,10,0.640,1.53,0.0726,False,1.254,7,8
reads,11,10,0.807,2.02,0.0750,False,0.652,7,8
lights,0,43,-1.672,-3.32,0.0766,False,-0.329,1,2
still,16,24,0.391,1.34,0.0786,False,0.806,11,15
correctly,0,11,-1.671,-1.68,0.0796,False,-0.111,3,6
people,10,11,0.648,1.63,0.0803,False,0.695,7,9
alone,2,21,-0.963,-1.84,0.0843,False,-0.071,4,8
convenient,11,8,0.992,2.35,0.0873,False,1.132,7,9
two,15,64,-0.418,-1.74,0.0890,False,-0.299,11,18
mislynch,4,25,-0.671,-1.58,0.0950,False,-0.089,6,12
jester,14,9,1.094,2.83,0.0970,False,0.877,5,9
making,10,12,0.576,1.47,0.1010,False,0.948,8,8
most,6,29,-0.503,-1.36,0.1020,False,-0.244,7,13
results,1,14,-1.098,-1.61,0.1023,False,-0.357,4,7
role,13,17,0.504,1.50,0.1026,False,0.701,8,12
slip,21,27,0.519,1.96,0.1036,False,0.673,10,15
defense,1,14,-1.098,-1.61,0.1086,False,-0.171,4,8
phrasing,6,5,0.879,1.59,0.1093,False,1.261,7,7
skipping,0,11,-1.671,-1.68,0.1113,False,0.749,3,3
consensus,8,8,0.728,1.59,0.1113,False,0.883,7,8
confirmed,16,68,-0.415,-1.79,0.1186,False,-0.370,10,15
my,21,86,-0.389,-1.90,0.1240,False,-0.773,12,15
through,12,16,0.488,1.41,0.1243,False,0.933,9,11
narrative,11,13,0.588,1.58,0.1256,False,0.835,6,7
vote,65,114,0.264,1.89,0.1260,False,0.204,8,18
doing,9,11,0.560,1.37,0.1273,False,0.696,10,12
targeted,0,12,-1.671,-1.75,0.1293,False,-0.304,3,5
wrong,1,12,-1.028,-1.44,0.1296,False,-0.292,3,7
alibi,1,11,-0.986,-1.35,0.1306,False,-0.529,4,7
me,79,154,0.179,1.44,0.1323,False,0.241,11,18
wagon,15,13,0.847,2.45,0.1346,False,1.076,8,9
solid,6,7,0.599,1.18,0.1373,False,0.993,6,7
fixed,0,12,-1.671,-1.75,0.1393,False,-0.879,1,1
it's,20,29,0.419,1.59,0.1403,False,0.553,8,13
didn't,16,23,0.426,1.44,0.1413,False,0.672,11,14
focus,9,11,0.560,1.37,0.1413,False,0.904,7,9
consistent,2,14,-0.740,-1.26,0.1446,False,0.126,5,8
card,1,10,-0.938,-1.25,0.1460,False,-0.591,4,5
claiming,8,10,0.542,1.25,0.1513,False,0.696,7,9
they,29,109,-0.328,-1.85,0.1516,False,-0.074,10,17
that,100,199,0.162,1.48,0.1523,False,0.321,11,18
night,28,108,-0.347,-1.93,0.1533,False,-0.167,12,18
there's,6,7,0.599,1.18,0.1536,False,0.778,5,5
off,11,16,0.416,1.17,0.1539,False,0.555,9,12
avoid,3,18,-0.645,-1.30,0.1556,False,-0.209,4,8
abstained,7,5,1.007,1.89,0.1563,False,0.955,4,6
immediate,5,5,0.727,1.26,0.1606,False,0.951,7,8
followed,6,6,0.727,1.38,0.1633,False,1.448,3,4
found,7,35,-0.526,-1.55,0.1636,False,-0.267,8,13
i'll,13,17,0.504,1.50,0.1636,False,0.751,8,10
weapons,2,21,-0.963,-1.84,0.1643,False,-0.645,5,6
do,9,11,0.560,1.37,0.1669,False,0.534,8,11
thing,5,5,0.727,1.26,0.1706,False,0.432,4,5
wait,6,7,0.599,1.18,0.1713,False,0.929,5,7
too,20,30,0.391,1.49,0.1713,False,0.471,10,14
remaining,3,20,-0.710,-1.47,0.1733,False,-0.244,6,7
mafia,80,260,-0.223,-2.02,0.1739,False,-0.318,11,16
else,5,22,-0.439,-1.06,0.1756,False,-0.164,7,10
executing,6,6,0.727,1.38,0.1766,False,0.735,6,7
claimed,4,20,-0.526,-1.17,0.1773,False,-0.049,7,11
timeline,2,12,-0.645,-1.06,0.1789,False,-0.087,5,9
feels,22,36,0.320,1.31,0.1789,False,0.382,9,15
seems,13,18,0.457,1.38,0.1803,False,0.528,8,11
tanner,1,11,-0.986,-1.35,0.1813,False,-0.969,4,5
kind,5,5,0.727,1.26,0.1836,False,0.745,6,8
execute,12,17,0.438,1.28,0.1883,False,0.744,8,11
bait,6,4,1.064,1.82,0.1896,False,0.765,4,7
blackout,0,15,-1.671,-1.96,0.1929,False,nan,,
!,6,42,-0.740,-2.19,0.1936,False,-0.611,7,11
win,3,19,-0.679,-1.39,0.1959,False,-0.194,5,9
case,1,9,-0.883,-1.14,0.1979,False,-0.386,3,4
during,1,14,-1.098,-1.61,0.2003,False,0.251,3,5
way,8,11,0.463,1.10,0.2046,False,0.843,6,9
push,16,27,0.295,1.03,0.2093,False,0.361,6,10
votes,12,16,0.488,1.41,0.2096,False,0.493,6,11
hiding,2,14,-0.740,-1.26,0.2099,False,-0.129,4,8
literally,11,14,0.527,1.44,0.2113,False,0.510,6,7
discussion,4,21,-0.558,-1.26,0.2119,False,-0.073,4,10
go,7,9,0.518,1.13,0.2149,False,0.833,7,9
made,2,12,-0.645,-1.06,0.2186,False,-0.224,6,8
pressure,13,17,0.504,1.50,0.2196,False,0.260,5,9
one,37,114,-0.181,-1.10,0.2216,False,0.107,10,17
following,1,9,-0.883,-1.14,0.2223,False,-0.091,3,4
it,44,76,0.276,1.62,0.2226,False,0.426,11,18
back,4,22,-0.589,-1.34,0.2259,False,0.110,4,8
clearly,2,11,-0.589,-0.95,0.2306,False,-0.090,4,8
dead,3,17,-0.608,-1.21,0.2306,False,-0.142,5,10
group,2,11,-0.589,-0.95,0.2306,False,0.320,3,5
at,23,103,-0.452,-2.36,0.2306,False,0.074,9,16
line,5,5,0.727,1.26,0.2309,False,0.909,5,6
were,26,99,-0.337,-1.81,0.2339,False,-0.107,6,16
doesn't,12,18,0.391,1.16,0.2376,False,0.461,9,11
second,2,13,-0.695,-1.17,0.2396,False,-0.125,5,9
villager,5,24,-0.499,-1.23,0.2426,False,-0.406,6,11
risk,6,6,0.727,1.38,0.2453,False,0.589,4,6
killer,14,11,0.929,2.53,0.2549,False,1.578,6,7
they're,5,22,-0.439,-1.06,0.2556,False,0.002,5,11
again,1,9,-0.883,-1.14,0.2592,False,-0.042,3,4
counter,3,14,-0.479,-0.91,0.2599,False,-0.031,3,10
actual,6,8,0.488,0.99,0.2709,False,0.061,3,7
trust,5,23,-0.469,-1.15,0.2722,False,0.101,5,10
in,55,192,-0.275,-2.10,0.2766,False,-0.109,9,18
saved,6,8,0.488,0.99,0.2766,False,0.822,6,8
protection,3,16,-0.569,-1.12,0.2772,False,-0.044,4,9
confirms,2,10,-0.526,-0.83,0.2782,False,0.132,3,7
record,5,6,0.576,1.04,0.2786,False,0.797,5,6
werewolves,1,9,-0.883,-1.14,0.2796,False,-0.869,3,4
late,2,11,-0.589,-0.95,0.2806,False,0.490,4,6
saying,7,9,0.518,1.13,0.2816,False,1.031,5,6
like,44,83,0.205,1.22,0.2826,False,0.271,13,17
look,5,21,-0.406,-0.97,0.2852,False,0.408,8,10
think,12,21,0.265,0.81,0.2866,False,0.732,9,10
over,6,7,0.599,1.18,0.2869,False,1.175,4,5
because,21,38,0.238,0.97,0.2899,False,0.252,9,14
four,2,11,-0.589,-0.95,0.2926,False,-0.161,3,7
died,4,23,-0.618,-1.42,0.3019,False,0.158,5,9
led,2,11,-0.589,-0.95,0.3022,False,0.248,5,6
looking,2,11,-0.589,-0.95,0.3182,False,0.088,4,9
hallway,8,36,-0.455,-1.40,0.3209,False,-0.132,6,11
to,229,497,0.093,1.31,0.3239,False,0.148,11,18
left,12,45,-0.326,-1.18,0.3249,False,-0.230,8,15
let's,23,42,0.230,0.99,0.3329,False,0.418,8,13
end,3,14,-0.479,-0.91,0.3332,False,0.093,3,9
a,177,389,0.083,1.03,0.3332,False,0.137,12,18
eliminate,7,11,0.353,0.81,0.3416,False,0.447,5,8
we,96,201,0.121,1.09,0.3459,False,0.231,10,17
skip,5,6,0.576,1.04,0.3472,False,0.992,5,6
today,24,43,0.246,1.07,0.3472,False,0.166,8,13
abstaining,8,29,-0.301,-0.88,0.3479,False,-0.033,7,12
game,15,27,0.242,0.83,0.3559,False,0.530,7,12
i'd,8,10,0.542,1.25,0.3615,False,0.444,6,8
route,1,12,-1.028,-1.44,0.3662,False,0.517,1,2
leaves,2,9,-0.454,-0.70,0.3662,False,0.004,2,6
early,9,31,-0.264,-0.81,0.3665,False,-0.035,6,13
hear,3,12,-0.372,-0.68,0.3689,False,0.151,7,10
mason,3,14,-0.479,-0.91,0.3749,False,-0.457,3,6
trying,16,53,-0.235,-0.96,0.3749,False,-0.026,7,15
clean,6,8,0.488,0.99,0.3755,False,0.889,6,6
flipped,2,9,-0.454,-0.70,0.3779,False,-0.026,5,7
caught,3,13,-0.428,-0.80,0.3789,False,0.094,5,11
serial,12,9,0.967,2.41,0.3829,False,1.347,5,7
when,21,65,-0.184,-0.85,0.3845,False,0.130,10,16
majority,2,9,-0.454,-0.70,0.3849,False,0.018,2,6
losing,5,7,0.448,0.84,0.3852,False,0.945,8,9
had,7,11,0.353,0.81,0.3859,False,0.572,6,9
on,123,267,0.092,0.95,0.3872,False,0.142,9,17
threat,6,8,0.488,0.99,0.3922,False,0.865,6,8
i've,5,7,0.448,0.84,0.3942,False,0.946,4,7
chaos,2,10,-0.526,-0.83,0.3955,False,-0.017,4,8
check,7,26,-0.319,-0.88,0.3962,False,-0.446,5,9
shields,2,17,-0.851,-1.53,0.3995,False,0.478,3,5
players,8,13,0.325,0.80,0.4019,False,0.512,6,7
town,36,104,-0.132,-0.78,0.4072,False,-0.098,9,15
suspect,5,7,0.448,0.84,0.4075,False,0.594,5,7
n,0,11,-1.671,-1.68,0.4089,False,-1.482,2,2
body,13,51,-0.358,-1.36,0.4089,False,-0.528,9,13
aggressive,9,16,0.252,0.67,0.4099,False,0.482,6,8
leads,2,9,-0.454,-0.70,0.4119,False,0.168,2,5
he,2,11,-0.589,-0.95,0.4122,False,0.343,3,4
claim,40,112,-0.108,-0.67,0.4129,False,-0.073,9,17
medbay,3,15,-0.526,-1.02,0.4229,False,-0.164,5,7
lower,11,16,0.416,1.17,0.4295,False,0.409,5,9
up,23,46,0.157,0.69,0.4312,False,0.247,10,15
about,22,64,-0.137,-0.64,0.4315,False,0.097,12,18
am,7,25,-0.290,-0.79,0.4325,False,-0.131,6,11
o,5,24,-0.499,-1.23,0.4349,False,-0.313,5,9
read,3,13,-0.428,-0.80,0.4365,False,0.137,3,7
security,11,59,-0.573,-2.16,0.4389,False,-0.000,6,10
investigate,2,9,-0.454,-0.70,0.4402,False,-0.241,3,5
where,10,37,-0.316,-1.04,0.4405,False,0.231,7,12
saw,25,99,-0.366,-1.93,0.4415,False,0.112,7,16
cleared,12,40,-0.239,-0.85,0.4455,False,0.032,8,13
another,8,12,0.391,0.94,0.4465,False,0.553,7,11
does,3,12,-0.372,-0.68,0.4502,False,0.359,4,8
suspicion,5,8,0.338,0.65,0.4528,False,0.375,5,7
that's,32,65,0.145,0.75,0.4548,False,0.406,11,16
investigation,6,22,-0.309,-0.79,0.4555,False,0.135,7,11
or,35,72,0.134,0.73,0.4562,False,0.278,9,17
cafeteria,11,49,-0.448,-1.61,0.4598,False,-0.044,8,12
evidence,10,32,-0.209,-0.67,0.4605,False,-0.024,7,12
seconds,4,15,-0.325,-0.68,0.4622,False,0.100,4,8
sighting,2,14,-0.740,-1.26,0.4665,False,-0.183,2,4
decision,4,6,0.391,0.67,0.4675,False,0.816,4,4
near,9,32,-0.287,-0.89,0.4678,False,0.241,4,10
likely,6,21,-0.275,-0.69,0.4702,False,-0.018,7,14
into,8,27,-0.249,-0.72,0.4728,False,0.159,7,13
shot,5,17,-0.254,-0.58,0.4735,False,0.152,4,8
based,3,11,-0.309,-0.56,0.4765,False,0.003,3,7
no,36,76,0.114,0.63,0.4772,False,0.115,10,18
either,8,14,0.265,0.66,0.4802,False,0.317,7,11
power,2,8,-0.372,-0.56,0.4808,False,0.105,3,6
by,21,42,0.157,0.66,0.4842,False,0.437,9,12
doctor,19,57,-0.161,-0.70,0.4845,False,-0.096,7,12
timing,3,13,-0.428,-0.80,0.4912,False,0.329,3,7
strong,5,8,0.338,0.65,0.4945,False,0.445,5,7
have,47,99,0.116,0.73,0.4952,False,0.435,9,16
huge,4,6,0.391,0.67,0.4982,False,0.223,4,6
especially,7,12,0.281,0.66,0.5028,False,0.728,7,8
us,24,49,0.140,0.63,0.5032,False,0.255,9,17
already,5,17,-0.254,-0.58,0.5085,False,0.046,6,9
random,2,8,-0.372,-0.56,0.5102,False,-0.055,3,7
entire,6,10,0.304,0.65,0.5138,False,0.568,3,7
next,3,11,-0.309,-0.56,0.5148,False,-0.094,4,6
good,4,14,-0.275,-0.57,0.5165,False,0.267,5,8
i'm,105,233,0.074,0.71,0.5178,False,0.189,11,18
an,7,24,-0.260,-0.71,0.5182,False,0.028,6,12
kill,26,52,0.157,0.73,0.5222,False,0.333,11,17
other,9,17,0.203,0.55,0.5228,False,0.315,7,14
info,11,20,0.234,0.69,0.5288,False,-0.036,2,10
player,8,15,0.209,0.53,0.5318,False,0.490,7,10
this,43,118,-0.093,-0.59,0.5322,False,0.140,10,17
each,4,14,-0.275,-0.57,0.5325,False,0.002,4,10
since,20,38,0.198,0.80,0.5332,False,0.497,9,14
killed,6,19,-0.201,-0.50,0.5382,False,0.004,6,10
s,102,270,-0.065,-0.64,0.5402,False,-0.118,12,18
coordinated,4,6,0.391,0.67,0.5408,False,0.537,4,7
feel,2,8,-0.372,-0.56,0.5412,False,0.690,4,5
hit,7,12,0.281,0.66,0.5415,False,0.594,4,7
comment,4,6,0.391,0.67,0.5458,False,0.402,2,4
swap,2,9,-0.454,-0.70,0.5482,False,-0.631,4,6
came,5,19,-0.335,-0.79,0.5485,False,-0.116,3,8
anyone,11,33,-0.160,-0.53,0.5495,False,0.290,9,14
innocent,4,15,-0.325,-0.68,0.5508,False,0.295,3,7
went,5,22,-0.439,-1.06,0.5515,False,0.020,4,10
plus,5,9,0.242,0.48,0.5555,False,0.295,6,7
storage,13,54,-0.399,-1.54,0.5565,False,0.140,8,12
west,2,10,-0.526,-0.83,0.5578,False,-0.111,2,4
new,4,6,0.391,0.67,0.5631,False,0.173,4,7
deflecting,4,15,-0.325,-0.68,0.5648,False,0.215,6,11
path,6,8,0.488,0.99,0.5658,False,0.178,1,2
test,3,11,-0.309,-0.56,0.5891,False,0.212,3,7
information,14,40,-0.123,-0.45,0.5905,False,0.147,9,14
investigated,6,21,-0.275,-0.69,0.5915,False,0.168,4,7
checks,2,8,-0.372,-0.56,0.5935,False,-0.434,2,4
also,10,30,-0.160,-0.51,0.5968,False,0.081,7,12
immediately,3,11,-0.309,-0.56,0.5995,False,0.158,6,8
fake,8,28,-0.275,-0.80,0.6001,False,0.014,7,12
with,90,205,0.053,0.48,0.6018,False,0.089,11,18
logic,3,11,-0.309,-0.56,0.6028,False,0.027,3,7
clearest,3,10,-0.239,-0.42,0.6051,False,0.374,5,8
make,7,14,0.157,0.38,0.6088,False,0.344,9,13
electrical,7,43,-0.660,-2.05,0.6088,False,0.143,5,11
crew,2,8,-0.372,-0.56,0.6091,False,0.191,4,6
sudden,4,13,-0.220,-0.45,0.6095,False,-0.186,6,9
cams,6,25,-0.401,-1.05,0.6098,False,0.295,2,6
while,13,38,-0.141,-0.50,0.6105,False,0.021,10,16
as,43,95,0.077,0.47,0.6108,False,0.048,9,17
yesterday,20,57,-0.121,-0.54,0.6161,False,-0.082,7,15
vigilante,16,32,0.157,0.57,0.6161,False,0.382,9,12
false,4,7,0.265,0.47,0.6175,False,0.440,7,9
day,35,75,0.102,0.56,0.6178,False,0.132,8,15
until,4,13,-0.220,-0.45,0.6225,False,0.405,5,9
suspects,5,9,0.242,0.48,0.6241,False,0.285,4,6
him,2,8,-0.372,-0.56,0.6255,False,0.822,3,4
could,7,22,-0.195,-0.52,0.6311,False,0.170,7,13
red,5,15,-0.160,-0.36,0.6338,False,0.155,4,9
reported,3,11,-0.309,-0.56,0.6418,False,-0.043,5,7
mechanical,2,8,-0.372,-0.56,0.6431,False,0.388,4,5
has,17,47,-0.098,-0.40,0.6448,False,0.128,10,16
classic,11,22,0.157,0.47,0.6501,False,0.354,5,10
result,6,18,-0.160,-0.39,0.6521,False,-0.022,5,7
pushed,7,14,0.157,0.38,0.6534,False,0.316,3,8
sheriff,40,106,-0.066,-0.40,0.6571,False,-0.051,5,11
first,7,21,-0.160,-0.42,0.6581,False,-0.057,5,13
around,6,19,-0.201,-0.50,0.6588,False,0.435,7,11
self,7,14,0.157,0.38,0.6621,False,0.448,7,11
is,157,359,0.051,0.60,0.6638,False,0.043,9,18
stay,4,7,0.265,0.47,0.6644,False,-0.295,4,5
haven't,3,10,-0.239,-0.42,0.6654,False,-0.328,4,6
upper,10,33,-0.232,-0.75,0.6658,False,-0.242,7,11
themselves,4,7,0.265,0.47,0.6668,False,0.947,4,5
before,32,88,-0.094,-0.52,0.6731,False,0.034,11,16
been,19,40,0.116,0.47,0.6788,False,0.189,7,13
person,5,15,-0.160,-0.36,0.6804,False,0.245,4,7
only,27,73,-0.081,-0.41,0.6858,False,0.095,10,16
townie,4,7,0.265,0.47,0.6858,False,0.614,4,6
nothing,3,11,-0.309,-0.56,0.6868,False,0.206,4,5
be,20,42,0.118,0.49,0.6871,False,0.228,8,16
earlier,5,15,-0.160,-0.36,0.7024,False,0.071,5,11
death,7,14,0.157,0.38,0.7048,False,0.379,9,10
there,16,35,0.085,0.32,0.7064,False,0.479,10,14
but,44,114,-0.048,-0.31,0.7071,False,0.118,11,18
time,14,30,0.102,0.35,0.7121,False,0.329,7,11
between,5,17,-0.254,-0.58,0.7124,False,-0.759,7,8
all,16,34,0.108,0.40,0.7124,False,0.512,11,15
question,5,10,0.157,0.32,0.7128,False,0.956,8,9
down,8,24,-0.160,-0.45,0.7134,False,0.084,7,13
given,6,18,-0.160,-0.39,0.7148,False,-0.097,4,7
lie,7,20,-0.123,-0.32,0.7188,False,0.174,6,12
are,22,59,-0.075,-0.34,0.7228,False,0.047,9,14
clears,4,8,0.157,0.29,0.7291,False,0.360,3,6
you,112,292,-0.053,-0.55,0.7294,False,-0.133,10,17
from,38,83,0.087,0.50,0.7308,False,-0.075,10,15
see,17,37,0.089,0.34,0.7328,False,0.521,8,13
so,54,123,0.053,0.37,0.7368,False,0.039,9,17
whole,4,13,-0.220,-0.45,0.7388,False,0.320,4,8
heading,3,10,-0.239,-0.42,0.7411,False,0.498,4,7
know,6,12,0.157,0.35,0.7444,False,0.498,4,8
after,30,67,0.069,0.35,0.7461,False,0.022,9,15
actually,9,19,0.113,0.31,0.7491,False,0.406,8,12
say,3,9,-0.160,-0.28,0.7517,False,-0.094,4,8
tonight,6,18,-0.160,-0.39,0.7531,False,-0.065,4,9
zero,5,10,0.157,0.32,0.7567,False,0.229,6,9
tasks,5,9,0.242,0.48,0.7597,False,0.337,3,6
very,8,17,0.108,0.28,0.7627,False,0.274,6,8
report,8,23,-0.128,-0.36,0.7637,False,0.220,4,11
not,41,94,0.048,0.29,0.7674,False,0.053,10,18
might,3,9,-0.160,-0.28,0.7684,False,0.647,3,6
got,8,17,0.108,0.28,0.7704,False,0.374,6,11
seer,4,8,0.157,0.29,0.7721,False,0.498,2,4
behavior,10,27,-0.080,-0.25,0.7721,False,0.250,7,12
being,15,40,-0.070,-0.26,0.7727,False,0.072,7,14
of,56,129,0.044,0.31,0.7734,False,0.181,11,17
yet,8,22,-0.094,-0.26,0.7754,False,0.121,7,14
looks,5,14,-0.108,-0.24,0.7764,False,0.030,5,10
kills,3,9,-0.160,-0.28,0.7771,False,0.239,5,8
called,4,12,-0.160,-0.32,0.7774,False,0.307,6,9
which,13,35,-0.078,-0.27,0.7794,False,0.059,10,18
should,19,43,0.058,0.24,0.7801,False,0.229,11,16
behind,4,8,0.157,0.29,0.7814,False,0.540,4,7
protected,8,23,-0.128,-0.36,0.7817,False,0.296,4,7
play,5,14,-0.108,-0.24,0.7844,False,0.282,7,12
then,19,53,-0.105,-0.45,0.7847,False,-0.075,8,14
their,28,64,0.050,0.25,0.7857,False,0.236,9,15
anything,4,8,0.157,0.29,0.7864,False,0.661,7,9
lynch,10,21,0.118,0.34,0.7887,False,0.194,3,8
now,45,115,-0.037,-0.24,0.7904,False,-0.053,11,18
who,37,95,-0.041,-0.24,0.7924,False,0.169,9,18
any,10,27,-0.080,-0.25,0.7931,False,0.203,8,12
means,7,15,0.101,0.25,0.8007,False,0.283,7,11
screams,3,9,-0.160,-0.28,0.8007,False,-0.008,1,4
out,20,53,-0.065,-0.28,0.8017,False,0.172,8,14
would,11,24,0.087,0.27,0.8064,False,0.452,8,13
voting,77,194,-0.026,-0.22,0.8144,False,0.001,8,18
find,5,14,-0.108,-0.24,0.8144,False,0.201,3,5
every,4,8,0.157,0.29,0.8177,False,0.289,4,7
three,6,12,0.157,0.35,0.8194,False,0.105,4,8
real,20,52,-0.051,-0.22,0.8231,False,-0.003,9,16
want,9,19,0.113,0.31,0.8244,False,-0.014,3,8
attempt,5,14,-0.108,-0.24,0.8247,False,0.357,6,10
point,7,15,0.101,0.25,0.8274,False,0.621,5,7
lying,6,13,0.093,0.21,0.8284,False,0.507,6,10
get,9,20,0.073,0.20,0.8314,False,0.254,6,12
against,9,20,0.073,0.20,0.8331,False,0.221,6,8
need,17,39,0.047,0.18,0.8337,False,0.264,8,15
than,12,27,0.063,0.20,0.8361,False,0.392,8,12
others,3,8,-0.070,-0.12,0.8374,False,0.124,3,7
towards,3,8,-0.070,-0.12,0.8417,False,0.534,7,8
scum,7,19,-0.084,-0.22,0.8431,False,0.155,3,7
everyone,12,27,0.063,0.20,0.8451,False,0.031,8,13
accusation,3,8,-0.070,-0.12,0.8467,False,-0.053,2,4
leave,3,11,-0.309,-0.56,0.8554,False,0.465,5,6
far,4,11,-0.094,-0.18,0.8587,False,-0.068,2,5
rather,8,18,0.063,0.17,0.8607,False,0.465,8,13
desperate,5,11,0.081,0.17,0.8630,False,0.291,6,9
story,5,11,0.081,0.17,0.8664,False,0.199,7,11
?,59,138,0.032,0.23,0.8664,False,0.111,9,18
can't,8,21,-0.058,-0.16,0.8684,False,0.359,10,13
same,5,11,0.081,0.17,0.8720,False,-0.025,3,6
hasn't,3,8,-0.070,-0.12,0.8727,False,0.358,4,7
said,8,21,-0.058,-0.16,0.8777,False,0.375,7,11
hold,5,11,0.081,0.17,0.8780,False,-0.136,5,8
admin,11,29,-0.061,-0.20,0.8784,False,0.111,3,9
round,14,40,-0.123,-0.45,0.8784,False,0.268,5,9
pair,3,8,-0.070,-0.12,0.8787,False,0.048,3,7
can,10,26,-0.051,-0.15,0.8840,False,-0.089,4,11
hard,14,36,-0.042,-0.15,0.8860,False,-0.210,7,11
toward,6,16,-0.070,-0.17,0.8877,False,0.459,6,10
his,3,10,-0.239,-0.42,0.8900,False,-0.333,2,4
engine,19,50,-0.060,-0.25,0.8954,False,-0.212,9,13
side,6,16,-0.070,-0.17,0.8980,False,0.036,4,9
last,43,102,0.021,0.13,0.9057,False,0.140,10,16
for,91,217,0.017,0.15,0.9094,False,0.093,8,18
together,5,13,-0.051,-0.11,0.9100,False,0.346,5,10
confirm,5,13,-0.051,-0.11,0.9150,False,0.309,4,7
clear,22,56,-0.034,-0.15,0.9160,False,0.234,6,12
1,13,33,-0.032,-0.11,0.9170,False,0.104,4,9
stop,4,9,0.063,0.12,0.9177,False,0.293,6,9
tomorrow,4,9,0.063,0.12,0.9187,False,0.337,6,8
gather,4,9,0.063,0.12,0.9197,False,0.406,2,5
right,35,87,-0.016,-0.09,0.9207,False,0.091,7,16
unless,4,9,0.063,0.12,0.9260,False,0.052,4,7
ignore,4,9,0.063,0.12,0.9274,False,0.224,3,7
pattern,4,9,0.063,0.12,0.9300,False,0.320,6,10
someone,9,21,0.034,0.10,0.9350,False,0.108,8,12
without,14,35,-0.020,-0.07,0.9444,False,0.160,11,16
our,14,35,-0.020,-0.07,0.9450,False,0.299,9,13
execution,5,13,-0.051,-0.11,0.9494,False,0.570,7,8
the,319,782,-0.005,-0.08,0.9513,False,0.102,12,18
suspicious,23,55,0.015,0.07,0.9513,False,0.191,8,13
away,4,9,0.063,0.12,0.9537,False,0.221,4,8
started,3,7,0.034,0.06,0.9557,False,0.173,4,9
onto,3,7,0.034,0.06,0.9557,False,0.342,4,7
save,6,15,-0.020,-0.05,0.9557,False,0.132,6,10
well,3,7,0.034,0.06,0.9570,False,0.515,5,6
lead,8,19,0.020,0.05,0.9573,False,0.203,5,9
protect,8,19,0.020,0.05,0.9580,False,-0.014,5,8
deflection,6,15,-0.020,-0.05,0.9580,False,0.713,7,9
frame,8,19,0.020,0.05,0.9583,False,0.107,5,10
completely,3,7,0.034,0.06,0.9590,False,0.539,4,6
never,6,14,0.034,0.08,0.9593,False,0.809,5,7
pushing,8,19,0.020,0.05,0.9597,False,0.363,7,13
action,3,7,0.034,0.06,0.9617,False,0.134,1,6
alive,8,19,0.020,0.05,0.9627,False,0.782,8,11
we've,4,10,-0.020,-0.04,0.9640,False,0.337,5,8
move,4,10,-0.020,-0.04,0.9663,False,0.278,3,7
potential,3,7,0.034,0.06,0.9663,False,0.839,5,6
follow,3,7,0.034,0.06,0.9663,False,0.848,4,4
using,3,7,0.034,0.06,0.9670,False,-0.294,2,5
actions,3,7,0.034,0.06,0.9670,False,0.148,3,3
flip,4,10,-0.020,-0.04,0.9703,False,0.056,4,7
teammate,3,7,0.034,0.06,0.9710,False,-0.128,3,6
reveal,3,7,0.034,0.06,0.9727,False,0.444,3,5
will,5,12,0.012,0.03,0.9803,False,0.251,5,8
hammer,8,19,0.020,0.05,0.9807,False,-0.269,4,8
walked,4,10,-0.020,-0.04,0.9813,False,0.238,2,4
myself,5,12,0.012,0.03,0.9830,False,0.657,5,7
more,20,49,-0.004,-0.02,0.9860,False,0.045,5,12
voted,19,46,0.005,0.02,0.9863,False,-0.110,5,12
target,9,22,-0.003,-0.01,0.9940,False,0.130,7,14
